-1.66900,-0.86323,1.04633,1.24492,-0.92395,-0.21563,-0.09724,-1.01715,-0.34307,0.00239,1.51482,1.11531,-0.44925,1.54092,-0.31497,0.99594,-0.54635,-0.90115,-0.79309,0.37818,0.51079,-1.29189,-0.23111,0.18179,-1.83153,-0.10598,1.80603,1.09367,-0.32441,0.56635,0.50552,1.42672,0.63891,0.62947,0.58678,0.44226,-1.10784,0.40069,1.62478,0.16234,1.51141,0.18573,-0.07553,-0.02191,0.23367,-0.69152,-0.90162,0.82864,-0.58066,-0.92287,1.16403,1.68954,-2.06048,-1.22945,1.06306,0.23039,1.26061,-0.30066,-0.71890,-1.65866,1.29982,-0.04451,-0.93162,-0.11493,0.61686,-0.26977,1.69450,0.71618,0.04059,-0.27664,-0.03856,-0.02542,2.57184,0.01837,0.13441,0.28882,-0.12907,-1.08933,0.43501,0.25125,-0.19298,0.02694,2.55385,1.08332,-0.76941,-0.71771,-2.05184,-1.77914,-1.24789,-0.26927,-0.45110,-0.57035,0.50782,0.41329,0.54345,0.28455,-0.81224,0.20800,-1.55499,0.52062
-1.16502,0.81430,0.68618,0.65165,-1.38291,-0.12223,-0.10559,0.26849,-0.05957,-0.19523,0.63802,-0.09951,0.65948,-0.13915,-0.55841,-0.78259,-1.45171,-0.48000,-0.66189,0.09503,0.14843,2.60260,-0.99465,-0.65305,-0.10374,1.19849,-0.41656,0.72581,0.19474,-0.46889,-1.36965,0.55212,0.89523,-1.55537,0.83454,-1.24613,0.53467,-0.73300,-0.72721,-1.52062,0.24676,-0.02952,-1.14834,-1.02116,-0.92786,0.52199,0.23879,1.60385,-0.49996,0.87388,-1.29354,-0.77245,1.06929,0.58090,-0.86364,-2.50801,1.44326,1.50302,0.70834,-0.09316,-1.40887,-0.81172,-0.94066,-0.15817,-0.42368,1.61801,1.29408,0.66330,0.19175,1.47069,-0.53232,1.32337,-0.45838,-2.81890,-0.66970,-0.85871,-0.42307,0.35039,1.06878,-0.66933,-1.21378,0.32451,-0.70105,-1.09552,-1.26491,0.63367,0.75141,1.87666,-0.03013,-0.36272,-1.33053,-1.34194,-0.17832,0.93493,0.38316,-0.25450,-1.96136,1.51854,-0.59004,-0.05928
0.61059,0.21755,-0.60845,-0.26852,-0.07525,0.45531,-0.36223,-0.35103,0.75016,-1.75356,-0.75167,-0.56350,-0.97922,-0.37458,-0.64397,0.51316,-0.76332,1.58481,-0.16346,0.30084,-0.56128,-0.92787,-0.72517,-1.49134,-0.39706,0.71675,-0.50900,0.53855,0.46504,-0.77665,-0.02409,-0.10416,-1.30836,0.62462,0.43590,0.11867,0.23740,0.50131,0.72812,-1.09018,-0.56052,-0.13436,-0.53950,-0.64521,0.00390,-0.76551,-0.42805,-0.63260,1.29218,-0.35089,-0.43258,0.06156,0.34778,-1.02827,0.32580,0.76994,-0.11508,-0.81022,-0.48480,1.04177,-1.13227,-0.02220,-0.74516,-0.93197,-0.09710,1.23264,-1.97590,0.59579,-0.65678,1.57786,-0.46016,0.45625,-2.35193,-1.00706,0.19747,-0.05519,1.42444,-0.40818,-0.64537,-0.80865,0.19424,-0.59174,0.69224,-0.98501,0.83073,-0.93996,1.91830,-2.63845,0.39828,-0.78025,-0.41995,-1.58582,1.87023,-1.45591,3.34393,-1.24406,0.63991,-0.65761,-0.96866,-1.48474
0.00627,-0.38729,0.85586,-1.03333,-1.54692,-0.93746,-0.84434,0.93879,-1.28150,-1.11593,-0.08944,0.31651,-0.08903,0.53697,0.59001,0.70285,0.03711,-1.94726,0.60169,-0.57279,-0.12531,-1.27614,-0.50366,-1.26299,2.07032,0.68614,1.24874,-0.42171,-0.35521,-1.97627,-2.10560,-2.02211,0.87543,-1.34492,-0.34292,-0.20375,0.40849,-0.20713,-0.24564,0.05873,-2.01659,-0.20689,0.57680,1.00568,0.18758,2.15605,0.36886,1.75490,1.62628,-0.86165,-0.60600,0.36012,-1.98895,1.61122,-0.83302,1.45148,0.05998,-0.23104,1.54412,1.25484,1.61190,0.27684,-0.39543,0.34855,-0.77517,-0.70018,2.75245,-0.34553,0.51152,-0.20095,-1.25684,1.10135,0.00075,-0.19424,0.86940,-0.24841,-0.28345,-0.16091,0.70690,0.19366,-0.30571,-1.42113,0.16244,-1.12878,-1.12915,1.14459,-0.57919,0.62059,1.26427,-2.46959,0.66945,1.51606,-0.92633,0.93993,-0.85428,0.57922,-1.25402,1.79403,0.51535,-0.81764
0.14266,0.29000,-1.43365,-1.48090,0.67389,-0.64579,2.18862,0.21142,1.53158,0.14895,0.83071,-0.13030,-1.03519,0.76479,0.35338,-0.61113,-0.50675,0.70593,0.49873,0.40450,-1.23960,1.05123,-1.21443,-0.07174,0.73301,0.45164,-1.17382,0.18996,-1.59018,0.16514,-0.05745,0.71626,-2.18154,0.73873,0.44647,-1.90347,2.39649,0.67815,0.40075,-1.36754,0.94067,-0.09650,0.70837,0.02719,0.33981,-2.30339,-0.57031,-0.03388,0.43717,0.23353,-0.64571,-0.68198,-0.85352,-1.02244,0.64442,-1.46209,-0.42219,-0.69024,-0.84305,-0.16664,-0.76400,0.90007,-0.15163,-1.39917,-0.15636,0.60454,0.32164,-0.13928,-1.26613,0.49626,0.02845,0.29566,1.69789,0.43638,0.36424,0.45718,-0.81825,-2.09284,-1.85776,1.96298,-0.47472,-0.69257,-0.29981,-1.10619,-0.99843,1.63831,-1.42948,-1.09433,1.64289,1.39148,1.31610,0.29460,0.89650,0.09954,-1.64513,-0.67650,0.48164,-1.67636,-0.59683,0.19739
0.52584,0.40790,0.15073,3.12996,-1.35113,0.52324,0.93208,0.45534,-1.37793,-2.86317,0.34266,-0.83180,-0.25746,-0.37923,0.72627,1.18276,-0.49346,0.99674,0.26014,-0.92584,-2.06469,0.43830,0.27835,-0.84156,0.39747,0.57070,-0.19146,-0.39999,1.93114,1.99884,-0.76419,1.38024,-0.26787,-0.64715,-0.91680,2.19515,-0.62630,-1.91366,0.30788,1.58547,-0.74350,-0.27863,-0.04031,-1.23749,0.53427,-1.52710,0.43229,-0.05705,0.54389,0.40588,0.64972,0.76815,-2.23896,0.53794,1.04803,-0.52320,-1.47615,-0.28865,-0.31162,0.16222,-2.76869,-0.73655,2.05722,-1.17058,-0.22443,0.58602,-0.42750,0.56441,0.51731,0.98955,-1.59086,-1.16887,2.91602,-1.02657,1.08193,-0.57533,-0.07658,-0.46184,-0.12568,-0.89015,0.60403,0.83145,0.00437,1.07915,0.45664,-0.27441,0.77399,0.88652,0.90151,-0.23837,-0.63157,-1.02079,0.56650,-0.22605,-0.01383,0.49779,0.99093,-0.39361,-0.39264,-1.83829
-0.57821,1.36542,0.25408,-0.46220,-0.56479,0.20075,0.73462,-1.10295,-0.22373,-0.67784,1.49489,-0.88176,-0.69875,0.42456,-1.37345,1.22011,-0.46868,0.29103,1.60283,-1.24168,0.87464,0.83076,0.38790,-0.28647,-1.30445,-0.75058,-1.68206,-0.99816,2.48517,1.21835,-0.73748,-0.62055,1.04864,-1.14394,-0.70542,-0.78950,0.98221,-0.45804,1.84800,-0.35169,-0.97981,-0.36004,0.36410,-0.75198,1.13469,0.82837,-1.26733,0.59405,-0.09587,-0.05362,-0.77160,0.37474,-0.39065,1.51871,2.47434,1.53751,0.61853,-0.92212,-0.64444,-0.47424,1.19450,1.32787,-0.24116,-0.47418,-0.75314,-0.74438,1.48100,1.50197,-0.51380,-1.09957,-0.55967,0.02602,1.43505,0.40253,-0.05641,0.08687,0.05452,2.38373,-0.44143,0.04572,0.49737,1.27699,0.07534,-1.28575,-1.22041,1.46436,-0.58124,2.00025,-0.02141,-0.34043,-0.36595,-0.95951,-0.18199,-1.54594,-0.39046,1.12776,0.10655,-0.05907,-0.72671,0.38204
0.44930,0.01116,-1.57472,0.37839,1.00919,-0.08892,0.80886,0.43385,0.80091,0.50788,0.66921,-0.60757,-0.01658,-0.58221,0.37142,-0.29404,0.03147,0.14007,-0.23393,0.66120,-0.78135,2.21961,0.44846,-0.16769,0.23317,-1.15373,-1.83300,2.82234,-1.75105,0.51590,-0.21958,-0.18491,0.21691,-0.65644,-0.66307,-0.95556,0.65036,0.55489,0.42972,-1.75043,-1.00633,0.51963,-0.32719,-0.15426,0.94750,1.17167,-0.90213,1.24232,0.28371,-0.64454,0.42638,-0.41299,1.03027,0.01671,-0.58672,-0.52878,-0.94205,-1.33093,-0.83776,-0.61793,-0.43351,-0.85456,-0.07425,1.89059,-0.40058,-0.73008,-0.95592,-0.04173,0.99189,-2.15895,0.11951,1.28901,-0.79363,-0.90754,0.95784,1.59313,0.05257,0.69880,-0.41593,-0.97405,0.03746,0.28034,-0.57483,-0.42694,-0.09700,0.05920,0.42567,-0.83414,0.49000,-2.03021,-0.62322,0.32591,1.22571,1.50849,0.88368,-0.70011,-0.02679,0.61169,0.04860,0.48144
-1.78628,-1.22378,-0.67402,-1.56395,-0.20000,1.58094,0.97509,0.43652,0.39446,-0.67375,1.09072,-0.56770,-0.88742,-1.05543,0.70730,0.14829,-1.95302,-1.04341,0.50456,0.26284,0.66826,0.49621,0.16273,0.31346,-0.17898,1.31452,-1.04324,0.40643,0.10596,-0.55854,-1.39907,-0.19194,0.08800,0.63185,0.78179,0.81204,-0.65286,-1.16119,1.64205,1.28385,-1.68223,0.65312,1.46511,-0.43968,-0.26673,0.86150,0.59197,-0.34126,-0.08193,-0.67514,0.91834,0.88434,-0.06127,-0.07765,-0.71033,0.13671,-1.22480,1.47090,-1.30752,0.81294,-0.28015,1.09640,-0.93633,-1.63008,-1.35206,-0.72371,0.65038,-0.61718,0.20793,-0.49844,-0.74294,-0.29819,0.77143,1.03048,-2.01110,-0.09425,-0.04525,-0.25922,0.61513,-0.47345,-1.10035,-2.61458,1.07014,-2.04258,-0.57665,0.32859,0.84899,1.84319,0.82736,0.28341,-0.39657,0.70294,0.45101,0.15618,-0.77024,0.14027,-0.55653,1.41925,-1.25149,-0.31574
1.09515,0.02807,0.15153,-1.56385,-0.13505,0.65791,0.53908,-0.28777,0.27090,-0.32163,1.12386,0.72126,1.88266,-0.03462,-0.47184,1.38841,0.29554,-0.27042,1.46847,0.58822,-0.15265,0.05935,-1.09420,-0.16165,-1.07950,-0.91010,-0.87929,-1.06763,1.75582,0.37656,0.70894,-0.03517,-0.52577,-0.51008,-1.15334,-0.02903,-0.24133,-0.70308,0.55639,-0.16532,2.00091,2.13045,1.07839,1.12110,-0.91011,-1.09653,-0.11984,0.83523,1.22691,-0.80100,1.01013,0.20115,0.05896,0.10559,0.20067,-1.48364,0.79289,-1.27687,1.21595,-0.18138,0.54835,-0.21100,1.23570,1.41851,-0.05634,-0.41009,0.00887,1.77070,1.24906,-1.97390,0.61776,-0.29321,-1.02526,0.81917,0.45899,0.58437,-0.03518,-1.83821,0.75699,1.10918,-1.29401,0.11244,-1.24455,-0.19574,-0.50268,0.70957,-0.36058,-1.65634,0.34903,1.09751,-0.66284,-2.52212,-0.92353,0.02568,0.09922,0.23146,1.51564,-0.75813,-0.84449,-1.49215
-1.07508,0.58301,-0.83059,1.83335,0.61440,-0.15328,0.47803,-0.63904,-1.30065,-0.45803,-0.49678,-2.56143,0.18410,-2.73446,-0.25431,-1.04091,0.08014,0.74020,0.46632,0.09189,-0.55945,-1.52155,-1.00241,1.05613,0.11629,0.32306,-0.15685,-0.10230,-1.42324,-0.46405,-2.62122,0.53828,-1.09567,-0.21616,0.52738,0.17020,-2.38438,-0.58427,-0.21713,-1.43851,-0.54755,1.26534,-1.39768,-2.07154,0.12509,-0.47951,0.58588,-0.41534,-0.49289,0.32995,1.48769,-0.41840,0.78224,-0.81240,0.93411,0.26194,0.03737,-0.89485,-2.47273,1.77019,0.03989,0.18027,0.20371,0.19645,1.41433,1.90747,0.53187,0.97844,-0.40390,-0.15354,0.19489,-0.26963,0.12922,-0.57587,-0.37312,0.90790,-0.64624,-1.31394,0.08511,-0.47948,0.62311,-0.92588,0.41495,1.27632,-1.32000,-0.59647,-0.70741,-1.11479,0.85514,-1.11180,1.33431,0.69898,-1.18542,-0.28583,-0.71022,-0.51273,0.77297,-1.69665,0.13771,-0.28343
-0.52320,0.72851,-1.26282,0.87761,0.12889,-0.32173,0.05163,-0.63479,-0.03987,-0.88880,-0.15780,-0.78798,-0.96150,-0.03431,0.98764,0.89007,1.22198,1.45458,0.38172,0.44893,0.40302,-0.39744,0.27785,-0.16326,1.06746,-0.34974,0.01569,-1.72773,0.05323,0.91327,0.64601,0.89551,0.27448,-1.00716,0.91866,0.79429,0.24559,0.64347,1.17540,-0.45770,-0.55821,0.93530,-1.33328,-0.52632,0.27752,-0.29837,0.09487,-0.69861,-1.41370,-0.89108,1.45582,-0.48073,0.05781,-0.86817,0.48973,1.24987,-0.79418,0.92856,0.48124,0.86494,0.12771,0.39758,-0.66747,0.24784,-0.29294,0.27618,0.00890,0.77971,-0.15838,0.47758,-1.22402,-0.63913,-0.41182,0.02135,-2.86737,0.77816,2.02714,0.11001,-0.43544,0.46618,-0.26717,0.35308,0.54266,-1.75197,-0.22507,0.13329,0.34611,2.13296,0.30779,-0.52545,0.98235,1.14395,-0.77655,0.50930,0.91614,1.37183,0.92637,-1.72613,0.90033,1.60947
0.14334,0.67983,-1.17698,0.11027,-0.79300,1.35103,-1.04264,0.00267,-0.85484,-0.10374,1.22755,1.33612,-0.31695,-1.86058,-0.49024,0.31630,-0.53369,-0.69897,0.50807,0.55517,1.79221,2.40726,-0.02342,0.21228,0.36160,0.59968,-0.47825,-1.67852,0.39358,-0.24225,-0.58708,1.02815,-0.75886,0.02318,-1.48230,-0.04458,1.47291,-0.38030,1.64315,-0.17976,-1.70578,0.21660,1.26375,-1.55063,-0.84265,0.56978,1.30125,-0.20862,0.56991,-1.35960,0.44569,-0.43053,-0.62416,0.24563,0.45798,0.67235,-0.08798,0.90216,-1.02420,-1.96210,-0.57976,0.84776,0.62529,0.30870,-0.09206,-0.16178,1.04553,0.62789,-0.10352,-1.96009,-0.59212,0.70846,-0.32909,-0.92206,0.38870,0.02330,0.29167,-0.46623,-0.93977,-1.35504,0.37254,1.33198,-0.65806,0.92392,-0.00197,-1.89878,-1.25013,-1.32602,0.61472,-0.25580,-0.99235,0.47919,-0.26928,1.82639,0.42624,-1.16162,-0.14334,0.08010,-0.38511,-0.26837
-3.35202,0.22851,-0.16126,0.93800,-0.22921,-0.45570,1.76693,0.26701,2.60200,0.34421,0.04950,-1.91328,0.17764,-0.28697,-0.16344,-0.32086,-0.66172,-0.40172,-0.65868,-0.25966,-1.06248,0.44974,-0.40526,0.37918,-0.19326,-1.39388,-0.67591,-0.14073,-0.12320,0.80326,-2.16379,-2.14115,-0.60042,-0.00556,1.47947,-0.51731,0.56245,-1.02537,0.86865,-1.27323,-0.54813,0.00098,-0.30018,0.20491,0.06714,0.00412,0.75909,0.93213,1.52229,0.44959,1.79477,1.26338,-0.39913,-2.00352,-0.85493,-0.41372,0.16398,-0.17771,-2.01742,0.90022,-1.04243,1.09161,0.50447,-1.53322,-0.10451,-0.84049,-0.47369,-0.84164,-0.24462,-0.20671,0.50957,0.53871,0.78576,2.06890,0.95521,-1.48221,0.46286,-1.85016,-0.38744,-0.72366,-0.34792,-0.64734,1.37494,-0.01327,1.69330,-0.04064,-1.13629,-0.29487,-0.82536,0.43875,-1.17190,-0.48840,-1.35710,0.29300,-1.77805,1.75553,0.34782,-0.46871,0.09807,0.44627
-0.47631,-0.12614,0.20963,0.92213,0.84276,-0.21541,-0.95542,-0.95119,-0.70580,1.80589,1.02882,1.03792,0.37462,-0.51828,0.27742,-1.47326,-0.86338,1.32493,0.52994,1.29490,0.88992,-0.15697,0.73978,0.77497,0.61941,-1.49180,-0.82965,0.97982,-0.27832,1.08838,-0.62673,0.02093,-0.98333,0.46618,0.62943,-0.15777,-1.73200,-0.44593,-0.25078,0.32649,-0.09110,1.27118,1.20488,0.12189,-1.44026,-0.30134,-0.61169,-3.64263,0.13170,1.67313,-1.96064,-1.27539,-0.22838,-0.34173,-0.86236,0.68964,-0.03060,-1.29330,0.67998,0.03331,0.45595,1.23557,0.77099,-0.30510,0.44811,-0.21775,1.04238,0.16325,0.75597,2.09507,-0.55987,-0.80210,-0.08557,0.36585,2.20974,0.40542,2.30714,0.88456,-0.99119,2.08603,-0.33484,-0.28659,-0.96315,0.59122,1.68685,-0.23229,2.00709,-0.05173,0.50677,0.59377,1.08735,-0.23195,-0.68916,0.09123,-0.16538,1.55665,1.84308,-0.58000,0.19768,-0.87505
0.25005,0.90049,-0.93761,-0.20214,-1.92089,-0.64898,0.86865,0.04023,-1.45945,-0.84472,1.80101,1.06666,0.56063,2.00099,-1.10621,0.48261,-0.12698,-0.02035,-0.30336,-0.41196,-1.20195,0.08504,1.15144,-1.14975,1.68918,2.19337,-0.31246,0.23634,-1.36610,0.41290,-1.27276,-0.62672,-2.20739,0.07356,-0.74675,1.20031,1.20508,0.53077,-1.91332,1.47084,-0.33059,-0.26842,-0.98728,-0.83820,0.73414,-1.37256,-0.32134,1.06740,-0.49164,-2.50024,-1.17280,1.07524,0.51956,0.49673,0.29274,-1.00067,-0.98029,0.56902,0.59617,-0.66888,1.37544,-0.37135,0.94268,1.06775,1.65921,-0.27123,1.07094,-0.70956,-0.59734,1.31087,0.33896,0.48152,0.07636,-0.00809,0.19539,-0.05945,-0.38169,-0.69988,1.38485,-0.90382,0.05480,0.99319,1.25499,0.31613,-0.42809,-0.72548,-0.96365,0.65319,0.51947,-0.59841,-0.53849,1.92400,0.25318,-0.65176,0.50823,-0.65440,0.90683,0.60700,-0.74889,-0.58646
-1.21006,0.67946,-1.22226,-0.68916,-0.55448,0.38439,0.62652,0.61571,-0.39785,-1.32579,1.95452,0.04181,-1.60543,-0.03989,-2.25414,-0.00036,0.37288,-0.52401,-0.84168,0.33307,0.31692,0.38734,0.02320,0.08176,0.33509,-0.54523,-0.56801,-0.24379,-0.65540,0.85450,0.09753,1.18189,0.19436,-0.84478,1.17292,-0.71556,0.46477,-0.89725,0.78459,1.80771,-2.09477,-0.88622,1.59165,1.97316,1.56988,-0.22409,1.77016,0.33787,1.61139,1.49390,1.05589,-0.58374,-0.59280,-0.83074,0.38982,-0.81433,1.13755,0.42685,-0.75101,0.02308,1.47246,-1.20846,-1.80621,-1.20433,-0.64562,-0.59906,0.00747,1.89879,0.99749,-0.05457,0.25522,-1.02753,0.80791,0.32889,-0.18391,-0.70946,-0.62735,-0.83508,-0.92208,-0.57905,-0.96631,1.63572,0.72700,-1.23884,-1.26850,-0.51235,0.79867,-0.88522,0.64526,0.72937,0.73838,2.15608,-0.60059,1.77203,-0.55356,0.37337,0.12380,0.93623,-3.09997,2.47024
-0.28002,0.47561,-1.51629,-1.42405,-0.91335,1.16674,-1.34672,-1.16178,0.81549,0.17112,-0.53365,-0.04582,1.90514,0.09492,0.23013,-1.28056,-0.79478,-1.18317,0.27284,1.27095,0.92602,-0.18808,1.83086,0.77523,0.88300,-0.62610,-0.05932,-1.08715,-0.94101,-0.09792,0.77077,1.43368,-0.04526,-0.43623,-0.25800,-0.27517,0.82964,-0.91972,-0.25950,0.93136,0.78773,0.46669,2.83998,0.41535,-1.04643,-0.23424,0.06723,-0.77802,-0.64970,-0.04932,-1.76473,-0.61734,0.00880,-1.28437,2.02340,1.28776,-0.94274,-0.36943,0.12072,-1.11373,-0.60829,-0.21546,0.62174,-0.59425,0.76989,1.63928,-1.08477,1.28891,0.43317,1.04497,-0.19906,0.29852,-1.24481,0.30413,-0.17787,-0.21669,0.08800,-0.39110,1.58947,-0.40769,1.08182,-1.36661,0.11700,-1.74051,0.27534,0.25897,-0.28729,2.06361,-0.85537,0.40872,0.50141,-0.43220,1.44408,0.23411,0.14088,1.09722,-0.85281,0.47890,-0.52378,0.02336
-0.46242,0.58592,0.00120,-1.05081,1.23423,-0.30553,0.54820,1.02633,1.39369,0.52329,-0.25138,-0.87346,-1.47441,0.12149,-0.30773,0.47514,-0.51904,-0.00799,0.83586,-1.14274,0.46583,-0.30726,1.38868,-0.21666,1.21851,1.31904,0.26154,-0.00149,0.01571,-1.32369,-0.49275,-0.78310,0.42783,-1.28194,-2.00825,-0.09807,0.01472,0.47553,0.49974,0.29395,0.07024,-0.88573,-1.96505,0.58146,-0.93652,0.88214,-0.09884,1.33582,-0.81990,-0.55702,-0.93909,-1.49546,1.68946,0.07951,0.31838,-0.61865,0.29606,-1.71042,1.85110,1.53171,-0.70601,1.74922,-0.56877,-1.06115,-0.29465,0.63926,0.54237,-1.54005,1.08709,-0.51242,-0.95741,0.74129,-1.47417,0.97135,-0.55214,-1.32695,0.19683,-1.01386,1.08658,0.21973,-0.04790,-0.67027,0.45543,-0.65126,-0.39000,0.47198,-0.48089,-0.34274,-0.70891,0.61673,0.01452,1.01543,1.05867,0.97424,1.09228,-0.51194,-2.39365,-0.65205,0.74055,0.89677
0.21168,-1.25526,0.16256,0.26373,-0.03783,0.68145,0.16256,0.78905,-0.34310,-0.30476,-0.46956,0.43605,-1.27242,-0.67738,-0.75394,0.06694,0.44028,-0.13144,-0.17102,-0.40015,0.40324,0.53998,1.05203,0.07236,0.82749,-0.67936,1.62055,2.01970,0.65717,-0.27231,0.23568,-1.91998,-0.52027,-0.60315,-0.60552,1.47385,-0.13606,0.36806,-0.42811,-0.43934,1.00112,1.93504,0.87963,-0.25852,0.90393,1.10616,0.21732,1.43019,-0.42472,-0.63580,0.17066,1.04535,-0.03745,-0.26293,-0.65816,-0.01397,1.03218,-0.44025,0.59933,-0.92129,-0.04147,-1.01928,1.71011,-0.92019,-0.59273,-0.11746,-0.23413,0.35934,0.16445,0.20312,0.68496,-0.00265,-0.66602,-0.53303,-0.17766,2.04713,-0.94319,0.94521,0.59846,-0.03570,2.18326,-0.74806,-1.97282,-0.98573,-1.57932,-2.40517,1.25369,1.50752,-0.50800,-0.43892,0.70735,-0.01292,-0.28037,1.94615,-0.36456,0.60645,0.11667,-0.60244,-0.21520,-0.87720
1.45631,-1.77098,-1.25873,0.32746,0.31854,-1.58560,1.06844,0.67664,-0.29871,1.32145,-1.34021,-2.02418,-0.93692,1.57025,-0.34557,-1.03976,1.25995,-0.91873,-0.44627,0.76310,-0.63273,0.54528,-1.32552,-0.51975,-0.95562,-0.51736,-1.72098,0.56085,-0.21073,-0.73135,0.62854,0.04182,0.04635,-0.01366,2.38217,-0.40255,-0.99824,-0.90596,-0.21188,-0.66653,1.58521,-0.35598,1.28597,1.05219,1.25219,2.04088,0.32089,-1.57528,1.67848,1.03463,-0.20948,-0.01867,-1.50496,0.12646,0.66309,0.35562,1.07013,0.39542,-0.57273,0.10910,-0.68815,-1.11096,0.35972,-1.07613,0.75722,0.14860,-0.06261,-2.08604,-0.34349,0.01047,-0.49872,-0.06146,0.99007,-0.80280,-0.35299,-1.79774,0.97443,-1.13696,0.24772,-0.07094,0.78694,-3.22865,0.86052,-0.57260,-0.87602,0.15915,-1.02794,-0.48436,-1.52515,1.29859,0.33635,0.61282,1.75374,0.26837,1.03483,0.39659,2.08470,0.15580,-0.51880,-0.72976
0.73301,0.19357,0.94501,0.46264,-1.19133,0.03301,-2.73821,-0.42322,0.49425,0.80425,0.40465,0.66004,0.44750,-0.60317,1.68270,0.12196,0.46662,-0.42814,0.75550,-0.14093,0.10195,1.12158,-1.04238,1.14609,0.26014,-2.09577,1.20826,-1.09845,0.19973,-3.05894,-0.64666,-0.62800,0.12286,1.10818,-1.15869,-0.28064,1.25085,-0.31889,-1.32388,0.00402,-0.24370,-1.20770,-0.53167,0.33435,0.19135,-0.18690,-1.36874,-2.38020,-0.77372,1.17684,2.85144,0.15598,0.43943,-0.48353,-1.13515,-1.03074,0.89840,2.02565,0.56312,0.77394,0.09649,1.41699,-1.56223,-0.52593,-1.15041,-0.16152,-0.80569,0.03637,0.37855,1.62904,-0.13697,-0.57913,-0.27193,-0.47480,-0.16079,-0.07979,0.65198,-1.29900,-0.23063,0.47022,-0.55314,-1.33055,-1.49482,0.10388,-1.34354,-2.61262,-0.65983,1.36975,1.83669,-0.25680,1.58375,-0.15614,0.30252,0.20142,-0.16904,0.87172,1.80344,-0.93093,-2.48787,0.05946
0.94922,-0.78536,0.27983,-1.15054,-0.92834,0.63670,-0.03422,-0.67310,-0.47081,-1.47777,-0.94028,1.90073,-0.34857,-0.01512,-1.41605,0.15024,-0.75396,-0.59114,0.03708,-1.68791,0.25874,0.29226,1.33212,-0.64570,-0.69221,1.36958,0.98775,-2.35766,-0.19587,-0.18553,-0.79118,0.03722,0.98252,1.01564,0.02039,1.29342,-0.64752,-0.60868,-0.20446,0.46166,0.27400,1.03246,-0.20924,0.07657,-1.66447,-0.49976,0.68182,-0.66874,-1.01160,2.16065,0.02431,0.43889,1.19912,-1.09009,0.68633,1.50888,1.17599,-0.67488,0.28246,0.27970,-0.47053,-0.51070,-0.17520,0.80193,1.67667,0.24999,0.04715,1.49195,1.16133,-0.54086,0.89798,1.27804,1.44478,1.06785,-1.79466,-0.80935,-0.26286,-0.90712,0.49392,-0.71076,1.54604,-1.10315,2.01206,-0.46327,-3.16560,-0.26635,0.91446,1.37716,0.85985,0.42605,-0.71402,-0.67771,-1.13983,-0.73428,-0.59161,-0.21692,-0.44799,-0.04305,-0.27828,-0.25175
-1.18542,0.48156,-0.47384,1.35744,0.38233,-0.39424,0.68573,1.09075,0.03497,0.26865,0.65232,-0.30700,0.66739,-0.75313,1.23590,0.87170,0.17050,1.22994,-2.06315,2.39112,-1.10011,-0.49249,-0.55818,-0.98566,-1.50451,0.80688,1.33388,1.98800,-1.15022,0.73075,-1.83804,-1.58953,1.59876,0.19250,-0.70852,-0.61562,1.27201,-0.60858,0.89572,0.75643,-0.15251,0.78927,0.05115,-0.36812,1.12918,1.09088,-0.17621,-0.81332,1.72110,-0.24724,-1.16897,-0.46008,0.35698,-1.24967,-0.17546,-0.25856,-0.44656,0.88751,-0.66626,-0.03266,-0.96160,0.44250,1.62814,-1.58651,-0.49173,0.29441,1.19541,0.46354,0.12039,-0.26595,-0.30962,-0.16212,-0.92333,-0.10335,0.85734,-2.93046,1.62861,0.04799,-0.20076,0.79419,-0.75175,-1.62942,-0.64860,-1.20196,2.04351,-1.14549,0.66331,-1.98755,0.28595,1.22427,-0.23699,-0.80762,1.02783,1.03289,-2.56968,0.58848,-0.97432,0.55827,-0.67202,-0.78225
-0.15835,-0.01281,-0.28972,0.10992,0.85751,-0.92009,0.74448,2.52813,0.04895,1.03663,-0.76522,-1.59284,-2.32981,0.55754,-0.03521,-0.69058,-2.06110,-0.33758,1.14310,0.34233,1.51373,-0.00036,1.43118,-0.69407,1.51392,-0.56702,-0.50821,0.77060,0.09852,-0.16079,0.56532,1.56365,1.14491,-0.96145,1.48710,-0.18762,2.27925,0.18087,-1.91809,-0.39240,0.53943,-0.25522,-0.73779,-0.28528,-0.29453,0.21980,-0.63332,0.21881,0.30716,2.49291,0.12563,0.88224,1.79629,1.57807,-0.68242,-1.56112,-0.53414,0.78296,-0.29071,-0.89107,-0.41451,0.74159,-1.38058,1.58099,-0.79329,-0.10143,-1.26210,-0.25196,0.46341,-0.34005,2.17732,1.01366,-0.20742,0.53223,-1.27192,0.03261,1.47608,0.88135,-0.39659,-2.09720,-0.37719,0.39255,1.14432,-2.23459,1.06918,1.61541,0.17523,2.57557,0.50863,1.02328,0.87602,-1.00742,-0.63871,-0.30528,0.21106,-1.07594,0.44267,0.86176,0.64607,-0.80299
-0.22723,-1.81331,-0.98859,0.07451,0.56231,0.82923,0.23558,-0.73630,0.29287,-1.11509,0.24336,-0.14891,0.57729,0.21181,0.04770,1.10092,-0.30336,-0.40255,-0.69085,-0.90135,-2.29883,-1.26991,0.32500,-0.21971,-0.66549,0.09874,1.65095,2.25698,0.23578,0.61168,-1.43270,0.16186,-0.53588,-0.89804,1.59188,0.79758,-0.27144,-0.67227,-0.32166,0.29138,-2.14713,-1.86454,0.69356,-0.83756,-0.52477,0.28600,-0.40286,-1.99693,0.17484,0.47067,-0.42114,-0.24455,1.80096,-2.13453,0.39870,1.15731,-0.70843,0.26659,-2.03892,0.26418,-0.55411,0.51774,-0.12551,1.74865,0.08859,-0.98438,0.34241,0.14918,0.47038,0.97014,0.98913,-0.13437,1.30045,-0.40431,0.36477,0.65452,-0.20218,0.28895,-1.61346,-1.11843,1.04907,0.24447,1.45156,-0.33187,1.19857,0.95484,1.60029,0.16120,-1.07344,-0.51168,0.97021,0.10545,-0.16017,-0.15582,-0.22319,0.59188,0.50173,-0.55312,0.16428,0.78815
0.84982,0.06762,-0.47223,0.53559,0.86224,0.39079,1.52856,1.01416,0.50224,-0.67878,0.90605,1.55200,0.37975,0.72377,-0.97147,-0.39674,-0.69368,2.04388,-0.00559,-0.63581,-0.50109,-1.31285,-0.16193,0.48530,-0.62190,0.30219,-0.73391,0.81861,1.69703,-0.64269,-0.87210,0.56828,0.58747,-0.35406,0.73395,-1.06193,0.95283,2.16794,-1.23268,-1.40422,-1.05618,0.78698,0.36720,-0.17427,-0.06699,-1.11466,-1.47520,1.18567,1.23875,0.23789,-0.42342,-0.85888,-1.04148,-0.10961,-1.78701,-0.98663,-0.01325,-1.89092,-1.27959,-0.73514,-0.56161,0.35688,-1.44047,-0.82382,-0.34605,-1.33425,-0.58003,1.22041,0.45717,-1.75570,-1.98685,1.47267,0.55744,0.54000,-0.84335,0.74055,1.57856,-0.56615,0.44697,1.41413,-0.98460,-0.17834,-1.04379,0.77275,-0.74945,0.84859,-1.66902,-0.08401,-2.51947,-0.90719,0.19940,-0.31670,-1.28958,-1.35401,-0.26442,0.06469,-0.53273,1.31646,-1.44453,-0.59581
-0.78834,-0.37215,-0.48256,0.31699,-0.94904,-0.43766,-0.33413,-0.24623,1.21396,-0.70662,-1.43460,-0.14039,-1.89325,1.06696,0.18237,0.26275,0.30254,-0.85572,-0.27989,0.48092,-1.45898,-0.05429,1.21222,0.73140,2.35128,2.02206,1.14941,-1.71365,-0.35461,0.93609,-2.18965,2.12442,-0.34281,0.21581,1.33522,1.17301,0.62711,0.34329,2.00446,0.11935,1.15888,-0.25528,1.53014,-0.27980,0.10498,0.97867,0.35075,-0.00286,0.79699,0.21889,-0.48784,0.67520,-0.31344,0.34339,-0.53183,-0.72795,1.24910,1.12231,1.23368,0.21741,-2.13823,0.14309,0.32367,-0.55880,0.96416,1.03803,0.36540,1.32819,-1.50573,0.99570,-0.29524,0.66837,0.42127,-1.52899,0.57304,-1.04003,-1.99275,0.60653,-0.55503,0.17459,-0.30225,-0.67545,-1.17583,-0.14094,-0.99321,0.73787,0.63197,-0.83608,-2.84635,0.77328,0.73526,1.61511,0.75163,0.38671,-0.04105,0.32852,-0.14915,0.58519,-0.17261,-0.77636
0.77892,-0.45085,0.78931,-1.77483,-0.81614,-0.47398,2.03708,0.13767,-0.55437,1.12365,-0.92950,2.48006,0.00848,-0.16839,-0.42846,-0.98268,-0.06918,1.37557,1.36550,-1.15099,0.05344,-0.92365,-1.64938,-0.58087,0.83720,-0.82701,1.35557,0.17394,1.25035,-1.84857,1.57313,0.62024,0.72594,0.61362,-0.73433,0.57416,-0.54212,0.46270,-0.64136,0.97160,-0.65528,-0.20378,1.28126,1.56513,-1.09351,0.58410,-2.28213,-0.13560,0.72359,0.76743,-0.23016,-0.23749,0.66147,0.94602,-0.96757,-0.58337,-0.33596,2.97819,-1.73602,-1.52545,0.34549,1.49357,0.69395,0.84215,0.22818,0.18235,0.26616,0.59466,-0.32929,1.05447,0.16335,-0.08697,0.04920,0.75466,1.83511,-1.34384,0.05235,-1.08474,0.11929,-0.59241,-0.18123,1.33343,0.89675,-0.24397,1.00284,-0.98555,1.97067,0.21625,-0.16292,1.63499,-1.01996,0.05581,-1.32187,1.23590,-0.34386,0.72366,-1.27217,0.00065,-0.38669,-0.40083
-1.23515,1.72881,-1.72063,-0.00212,0.07075,0.21958,-0.57067,1.14640,-0.62262,1.89741,-1.80200,0.78554,-1.45583,-0.78896,-0.65634,-1.22281,-0.62615,0.58457,-0.40179,0.62491,0.70308,-1.97685,0.97836,-0.11584,-1.79689,-0.85002,1.62028,0.84340,0.63170,-0.38649,-0.40220,1.20995,0.30375,-1.46832,-1.27525,0.57973,1.42952,-0.36317,0.65442,1.38533,-0.64544,-0.34826,0.84072,-0.54826,-0.67955,1.79844,0.70384,0.68078,-1.44605,1.45390,-0.61764,0.01713,-0.17483,1.23231,0.01230,-0.19585,-0.43833,0.98154,-0.03704,-0.25114,0.26951,-0.78394,-1.29446,0.87485,-1.23203,-0.08540,0.12585,0.40482,1.38883,-0.67409,2.15461,-0.83302,2.86216,-0.06425,-0.54755,-0.04692,0.24457,-0.51244,-0.28171,-0.48609,1.35063,-0.51279,-1.04939,-0.79947,0.77328,0.43074,-0.52695,-0.21212,-0.49069,-0.57290,0.92764,-0.38936,-1.11357,-0.37156,-0.11694,-1.02679,-1.82038,-1.21399,-0.61631,-0.82176
0.92045,1.39068,-0.91145,0.24447,-0.11224,-0.08830,-0.67443,-1.16118,-1.25869,-0.22451,1.30095,0.39040,-0.53107,-0.62261,-0.34668,-1.02720,-1.27217,0.33599,0.68345,-0.46882,1.62429,0.24933,-0.75775,1.78372,1.40530,-0.63931,-1.17101,0.21745,0.89414,1.00543,-2.32451,-1.68256,-0.41323,-0.21499,-1.08741,2.83635,1.37035,-0.03292,0.76433,0.22789,1.66421,0.68282,-0.17412,-0.12767,-0.89289,1.49938,-0.83890,-0.40332,0.67601,-0.07114,-0.95534,-0.57533,0.62571,1.00138,0.33587,-0.09256,-0.37422,-0.29642,-0.19060,-0.07965,-0.03489,1.91020,0.18095,-0.51960,1.71434,0.62078,1.03885,-0.81608,1.59662,1.02998,-1.00561,0.05622,-0.61071,0.11304,1.55679,-1.05014,-0.13330,0.41092,0.45012,-1.45148,0.84147,-0.92994,0.36662,-2.17667,1.87900,0.90735,-0.86752,-0.18434,-0.01122,0.92843,-0.46896,0.38423,-0.24835,-0.76336,-1.30550,-0.82204,0.11453,0.82470,-1.72736,-0.56407
-0.07712,2.10375,0.09851,-0.43152,-0.24135,-0.56332,-0.17898,2.75264,-1.58681,0.84195,-1.62155,0.15606,-1.86970,1.04355,0.22367,0.61162,0.29695,-1.43611,-0.02277,-0.17216,0.85509,0.96124,-0.11485,0.54499,2.11276,-1.03246,-1.95334,-0.43324,1.30865,0.11673,-1.62792,1.29594,1.37640,-0.09257,-0.64704,-0.42158,1.27196,-0.21705,-2.17349,-0.26729,0.05691,-0.71239,-0.82928,2.30219,-0.86907,-0.75195,-0.41573,0.50588,-0.18566,1.37481,-1.98610,-1.34702,-0.72181,-0.90666,0.14913,0.40935,-0.59391,-1.05900,-0.66525,0.08502,0.73066,0.42140,-1.27620,0.08233,-0.05070,1.47679,-0.48938,0.57866,-0.17778,-1.57788,0.31060,-1.28178,-0.73275,-0.29873,-1.44843,-0.00369,0.39931,-0.34100,-0.01584,0.59525,0.70557,0.21103,-0.98986,-0.54695,1.27675,1.24986,0.07373,0.48405,0.78707,0.50190,1.70929,-0.89673,-0.44307,3.48552,-2.19074,0.18845,-1.37379,-0.78300,1.65729,-0.95897
-0.22715,-0.94208,-1.00749,0.93022,-0.29988,-0.92811,0.48018,2.36711,0.10806,2.20495,-1.02457,-0.54520,-2.15547,0.95315,-0.19746,0.46081,2.21871,0.19616,-0.83363,-0.61061,2.62419,-1.00701,0.35703,1.27816,0.14682,-0.69625,-0.57450,-0.28701,0.82766,-0.02352,0.04383,-0.22949,-0.03746,-0.79970,0.83550,0.30633,-0.18528,-1.69879,-1.11567,-2.19781,-0.32128,-1.74003,0.09338,-0.72443,1.02701,0.16327,-0.84386,0.20571,-1.74759,0.83041,-0.45785,2.05042,0.33250,1.12326,-0.77587,-0.67581,-0.28010,-1.55414,-0.22829,-0.48576,0.82516,0.32111,1.62375,0.80116,0.88691,0.75171,0.45039,0.04255,-0.38568,-1.81902,-0.28333,1.47597,-0.38658,-0.25642,-1.14330,-0.53903,0.72599,0.02089,1.30248,-1.70028,2.31995,-0.09299,1.75378,-1.10047,0.63328,-0.86197,0.89052,-0.16520,1.30169,-0.22296,1.01775,-0.56224,0.49639,-0.49525,0.57032,-0.70165,0.77490,-1.63840,-0.17372,-1.32279
0.57170,0.85655,0.22206,-0.84686,0.17466,-1.74157,-0.62661,-2.02023,-0.53056,0.00375,2.30310,-2.39901,-0.56362,-0.65406,0.51047,0.65882,1.74922,0.03687,1.40990,-0.75574,-0.99232,-0.57160,-1.63148,-0.99865,1.79986,2.45387,0.69285,0.49263,-1.05120,-0.74034,-0.87440,-1.05237,0.12249,0.59980,-0.52429,-1.13392,0.80461,-0.89804,-0.88911,0.67474,-0.42546,1.12696,-0.23766,-1.42628,1.69405,-1.16303,-0.02745,0.26743,-1.67466,-0.75980,0.78069,0.79971,0.16823,-0.62667,-0.48512,-1.33447,-0.09178,0.42894,0.46780,0.26669,0.38015,0.68679,0.76551,0.10046,2.28494,2.50125,0.46681,0.36253,0.72362,0.02335,1.22785,-1.22394,-1.13568,-1.34794,0.57393,1.70669,1.23711,-0.01147,-0.24589,0.91719,0.14536,-1.16331,0.29653,-0.40691,0.59458,0.65961,0.05653,-0.54616,-1.74603,0.28748,1.14913,-0.41187,1.61915,-0.32850,0.48037,-1.17257,0.03842,-0.95316,-1.79351,-0.33674
-1.34277,0.02049,0.70876,-0.62822,0.78530,0.62114,0.91989,-1.78028,-1.66773,0.67690,1.11984,0.29066,-1.70455,-0.46853,0.92089,-0.36832,-0.29790,-1.69744,-0.62547,1.25454,0.58574,0.10343,0.86216,-1.21482,-1.44679,1.08690,0.13805,0.91429,0.00842,0.17921,1.04613,-1.06335,-0.98318,0.88603,0.29585,-0.47105,0.40147,-1.57866,0.32948,-2.10018,-1.00998,0.89907,-0.82911,-0.66264,0.31253,-1.31531,0.16138,0.64230,0.78841,-0.36729,-1.40683,0.21193,-0.77933,-1.85765,-0.25466,0.17243,1.72413,-0.33179,0.88283,-1.14182,0.38515,0.10203,0.54276,1.43728,-0.25379,0.31761,1.00827,-0.53884,1.96517,-0.09516,0.39540,-0.17445,0.52973,-0.73311,0.04611,0.15673,-0.62561,0.62708,0.61179,1.48515,-0.13310,0.30460,-0.81794,-1.65614,-0.94992,-1.59508,1.83592,-1.77131,-0.92289,0.19358,-0.10152,-0.03011,-0.44418,0.34035,-0.09914,-1.15420,-0.99053,-0.15255,-0.71065,1.04022
-0.13986,-0.30683,-0.70453,-0.58153,0.90494,1.90401,-0.49098,-1.13822,0.43356,-0.15408,0.86026,-1.29386,-2.20165,-0.68136,0.56006,-0.15729,0.94922,-0.93219,-1.66799,-0.28308,-1.14079,2.24582,-0.29127,0.22108,-0.46969,0.20197,-1.13197,-0.70550,0.73872,0.09995,-1.13083,-0.65730,-1.59280,0.98155,0.48759,0.54840,-1.06744,0.24865,1.21973,-1.95559,0.34868,0.29095,0.61000,1.20339,0.19713,0.26301,-0.25654,-0.26039,-1.28530,-0.35168,0.76755,-0.66581,0.19439,-0.28923,-0.05983,-0.56152,-1.82666,0.48555,0.70061,-1.16338,1.52916,1.70460,-0.36974,-1.09304,1.66505,0.88128,0.06406,0.05986,-0.29295,1.76998,0.45454,0.54504,0.00734,-1.02548,0.95824,0.25270,0.07748,-1.32340,-0.57059,-0.67517,-0.06337,-1.81895,1.62111,-0.58321,-1.08190,0.46745,0.07584,0.53799,0.07595,-0.67211,0.47516,0.45498,1.11710,-1.51036,0.56418,-1.82107,-0.25580,1.24224,-1.85442,-1.69296
-1.64378,0.42405,-0.11834,-0.42106,0.59268,-0.30829,0.39142,1.76468,0.13873,-0.30848,-0.53095,-0.93937,0.02462,-1.83818,0.05717,0.30978,1.42432,-0.80827,0.75988,0.08069,-0.54946,-0.37822,1.15139,-2.02681,-1.46023,0.26617,0.38350,0.80079,1.63318,0.46999,1.11525,0.14184,0.13839,0.24881,-0.92885,0.98541,-0.95961,0.13615,-0.56597,1.72053,-0.92931,-0.74033,-0.84437,-0.31320,0.65151,-0.58223,-0.09710,1.55420,1.15063,-0.35036,-0.46537,-0.34958,0.00300,0.11294,0.50249,-0.82733,0.68719,-2.61641,1.58502,2.22494,-0.88301,0.40709,-0.17532,-0.74303,0.82728,-0.32728,0.68707,-0.80658,-0.74510,0.36378,-0.25461,-0.37923,0.17287,-0.22297,-0.17619,-1.71663,-1.57235,1.97160,-1.15383,-1.74299,0.96713,0.73381,0.02044,-0.56729,-0.14155,1.09800,0.57564,-0.12331,0.06688,0.78681,-1.42841,0.20345,-0.58802,-0.16872,-1.29672,2.23438,0.23967,0.15851,0.22039,-0.38812
0.82234,-0.18472,0.56855,1.00228,-1.48624,0.63203,1.46554,1.12281,0.18556,-0.17994,0.32164,-1.41853,-0.10028,1.70034,0.01416,0.10866,0.23761,2.99392,-0.31487,0.64540,0.60200,-1.44459,0.73215,-0.37787,0.56513,0.75599,1.25486,1.20825,-3.02364,-0.41759,-0.12398,-0.34067,-0.22345,-0.29625,-0.10807,1.07410,0.99391,2.03831,-0.86327,-0.46836,-0.36300,-0.87236,-1.05880,-1.11656,1.52518,1.01249,-0.79911,0.33801,-1.08795,0.03249,1.86248,0.55423,-0.81919,-0.10078,0.45151,1.06618,-0.63933,-0.58959,0.18858,-2.88591,-1.05914,-2.10969,-0.76361,2.31117,-1.14190,-0.72694,-0.65186,0.04682,0.42913,0.71978,-2.08620,-0.19628,0.00066,-1.88822,0.28746,-0.65096,0.82614,0.33579,-1.80911,0.16295,1.22668,-0.74287,-1.17046,-0.40982,1.37735,-0.90910,2.24088,-0.00499,0.30383,0.79683,-0.79100,-0.53941,-0.31947,-1.04405,0.36656,-0.41369,-1.63758,0.21951,2.54478,-0.71891
0.09986,0.68848,-0.75874,0.81661,0.45286,-2.23821,0.69101,-0.12172,1.74801,1.74007,0.48039,0.28326,-0.14283,-1.29006,0.35415,0.02679,-1.19173,-1.13668,0.64605,1.03571,-1.15199,-1.43156,0.72585,-1.62326,1.02187,-1.15140,0.91888,-0.76261,-0.86288,0.92559,-0.00088,2.94819,1.56305,0.18134,-0.72045,-0.47584,0.11785,-0.12200,-0.87163,-0.20990,0.29684,0.28375,0.30813,-0.29973,-0.30991,0.01895,0.02467,-1.88195,-0.94090,1.55412,1.22894,1.69602,-0.12247,0.82861,1.50661,-1.32730,0.84640,-0.53767,-1.39729,1.34527,0.30049,1.83919,0.28914,-0.24850,0.38384,-0.83016,1.15993,-0.30023,1.60232,-2.36924,0.01163,-0.16152,0.17604,-1.03300,0.90419,0.54776,1.74027,1.13722,0.64982,0.97985,-0.38196,1.68261,1.14669,1.55829,1.01306,-0.15450,0.43569,-0.48621,0.17537,-1.63712,1.20664,-0.23625,0.17862,-0.74096,0.03378,-1.28336,-0.87665,-0.70578,0.01009,1.23219
-3.13150,0.18536,0.42392,0.99953,0.86311,-1.21014,0.34855,-0.17003,-1.08268,-0.06830,0.03779,0.21533,-0.13226,-0.22459,0.36348,0.54288,0.59812,-0.32121,-1.11661,-0.60265,-2.18692,-1.57603,-0.39123,0.74725,0.04704,0.05310,-0.39676,0.11156,-0.31271,-0.86812,1.59223,0.59402,0.85655,-1.51385,1.18362,0.17677,0.06751,1.31068,-1.81358,0.02557,-0.56759,0.22517,1.23061,0.60028,-0.00912,1.25042,-0.45604,1.06964,-0.63472,0.81609,-0.71632,0.79927,-0.31642,0.55939,-0.20748,-0.05763,-1.39895,-0.81215,-0.63821,-1.56730,-0.25366,-0.01501,1.87629,0.71285,1.52842,-1.10836,-1.04706,-0.15829,-0.31628,0.77391,-0.30268,1.87838,-0.25540,0.64292,0.73771,0.62006,-1.00165,-0.78922,-0.02125,0.20605,1.88051,1.09311,-0.94931,1.86940,-0.15334,-0.98422,-0.31451,-0.79745,0.14160,2.57404,-0.93842,1.68512,-0.69598,0.08726,2.42517,0.79119,1.01088,-1.43532,0.78048,0.58517
0.35465,-0.09103,-0.02515,-1.51942,2.75117,-0.42649,-0.72779,-1.28150,1.34051,-1.21651,0.64039,0.07025,-0.90323,-0.52857,0.36707,1.87427,-0.48071,-1.47055,0.92986,0.10698,1.85622,2.21489,0.47083,-1.35508,-1.63468,0.61453,-0.30039,0.48211,-0.18834,-2.19813,-0.93529,-0.81666,1.38857,2.91141,-0.75310,3.62446,-1.40897,0.95459,0.03273,-1.10633,-1.87310,-0.67836,-1.23258,1.07857,2.52485,0.91881,0.22272,2.75920,-0.02452,-2.09413,-1.02282,-0.90939,-0.23119,-1.93214,-0.51222,-1.02839,-0.05469,1.37839,0.16754,-0.06090,0.72911,-0.48715,0.70729,-1.12854,-0.16422,1.75021,-0.37099,-1.93624,0.24317,-0.62503,-0.17284,1.26275,0.70364,1.04807,-0.68268,0.37677,0.96516,0.27712,-0.58668,1.33356,1.19304,-0.78512,0.35755,1.02870,-1.62973,-0.61444,-0.52599,1.20930,-1.52473,-0.88810,2.03443,0.89407,1.54224,0.12251,0.62443,1.09885,0.82051,2.28831,2.14540,-0.74785
-1.48197,0.00029,1.26360,1.65840,1.95579,0.32756,0.49388,0.10991,0.96963,-0.00190,0.09033,1.38650,-0.26234,-0.61044,-0.80331,0.73144,0.38631,2.59939,0.68408,0.85944,0.66907,0.94527,1.39926,1.29352,0.05036,-0.78989,-0.22691,-0.68843,-0.62028,0.60221,-0.97690,-1.83032,-0.67123,0.26838,-1.09983,-1.01406,-1.68191,0.09010,0.20069,0.15733,-0.58957,-0.22428,-0.77239,-1.34181,-0.39906,0.58258,-0.54294,-0.62816,1.46487,0.38434,-0.02271,-0.27252,0.69050,0.23932,2.19930,0.64127,0.01543,0.29665,-0.48621,1.84135,1.62856,-1.22069,-0.71209,0.08866,-1.11068,0.97021,-0.14183,-1.03387,0.65498,-1.43130,-0.24492,-0.60816,0.64615,-0.59726,-1.03437,1.42231,0.90571,-0.44795,1.36842,-0.18911,0.94481,-1.01673,-2.08226,-1.66518,-0.70349,-1.55177,-0.53358,0.70022,-0.74732,1.82033,0.02851,0.64122,-0.14565,1.68950,1.44819,0.58571,-0.32988,0.43574,-1.72807,0.71428
0.97336,-0.44228,-0.12087,-1.57469,1.64862,0.45016,0.69517,-0.66885,0.99184,1.38235,-0.85469,0.86293,-1.86324,1.24636,-0.59800,0.91505,0.94121,-0.18665,-1.01420,0.27112,-0.00047,0.16444,-0.52231,0.12334,0.46708,0.45476,0.17078,0.74126,-0.87291,-0.71360,0.42374,0.72039,1.03750,0.65800,0.69774,1.52183,0.79146,-0.73584,-1.24788,-1.14875,-0.23691,1.09906,-0.83571,-0.17985,0.71215,1.61668,2.35210,-0.63325,0.77676,-1.04878,-2.43987,0.28655,0.93686,-1.28128,0.38085,-0.01825,0.09149,-1.65837,-0.51859,-0.32693,-1.16814,0.31451,-0.39155,0.25372,1.46828,0.13395,-0.83104,-0.66069,-0.42631,-0.71409,-0.05024,0.80276,0.32101,0.72383,-2.15259,-1.69290,-0.56074,1.99795,-1.33868,-1.09560,0.64188,-1.29383,-1.52361,1.11610,-0.79754,0.78311,0.38961,-1.71400,0.65247,0.21445,0.40584,1.30125,1.75435,-1.79475,-0.61102,0.26515,-0.41088,-1.34428,0.45780,-0.87968
-0.72572,-1.69604,-1.19756,0.43616,0.39897,0.19406,-0.56585,-2.63377,0.17025,-0.94099,-0.75308,1.29811,0.72871,-2.04621,1.45556,1.16263,1.40272,-0.13228,1.13393,0.50999,0.15171,-0.06114,2.31529,1.42724,-0.47247,0.83422,-0.68635,-0.11406,0.56258,1.59515,-1.78851,0.15683,1.03474,0.29449,-0.09764,1.11687,0.23942,0.98802,-0.09511,-0.26350,-0.80585,-0.28855,0.80328,-0.24180,0.59861,-0.54039,-1.56741,0.02337,2.51962,-0.16372,-1.41188,0.64970,0.33454,0.17673,-0.19848,0.54343,-0.31523,-0.19660,-1.45492,-0.30524,0.03708,0.46965,0.89061,-0.12628,-1.15929,0.20239,0.02287,-0.68506,0.81968,-0.98121,2.32376,-0.00310,0.75989,-0.10542,1.11441,0.05712,0.42836,0.98836,0.46269,-0.48118,0.30588,2.02392,-0.86891,1.73671,-0.19007,-0.97323,-0.20521,-0.84538,0.80963,0.02488,0.47789,-1.22068,0.14892,-0.74742,0.14044,-0.18889,-2.47626,-0.36779,1.00464,0.74027
1.24531,-0.95837,2.88237,0.43944,-0.18695,-1.08060,-1.20666,1.13787,0.10035,0.43786,1.64058,-1.22276,1.33463,1.19874,0.43888,0.85154,-1.25377,-0.70987,0.08443,-0.71714,1.60824,0.52015,-0.12369,-0.93461,-1.49138,1.07997,0.01784,1.02936,0.57862,0.73270,-1.88361,-0.05011,1.27615,-1.52006,0.40781,-0.27408,-0.55179,-1.36001,-0.77083,-0.35742,1.33515,0.20557,1.03334,-0.86482,0.23321,-2.15085,-0.87248,1.41712,-0.66001,0.93282,1.66492,1.62293,-0.35309,-2.08602,-1.49888,-0.34883,0.76326,0.54902,-1.24903,1.46659,0.32077,0.92900,1.08277,1.88802,1.31938,-2.27075,-1.33147,0.17264,0.04661,-0.20743,-1.58359,0.77894,1.55776,-1.65032,1.06410,-0.51417,1.79975,-0.80591,1.60169,-1.44334,0.33155,-0.75765,1.35106,0.08325,0.10736,-0.27491,-0.59603,-0.46727,1.53426,0.95037,-1.16575,-0.56744,0.55058,-0.55301,-2.91409,0.00675,-0.71936,-0.22114,-1.85096,0.27817
1.80640,0.46872,2.10989,2.07298,1.03349,0.39486,-1.25677,-0.89930,0.39843,-0.46028,0.24842,-0.71954,0.66857,-1.45141,-1.77232,0.30717,-0.41176,0.19279,-0.85133,-1.52461,1.24273,-0.49464,1.86364,0.48933,0.67335,-0.44706,0.84420,-0.36224,-0.42374,-0.38731,-0.25178,0.44644,2.12043,-0.29938,0.98860,-1.10645,-0.32441,0.98219,0.12935,1.63517,-0.29906,0.63435,0.77909,-0.66657,-0.48910,2.39658,0.66586,0.54653,0.57946,2.41122,0.66445,2.01211,-0.07914,-0.02486,0.72289,-1.83396,-0.26070,1.27396,0.21581,1.48614,0.73849,1.26088,-0.03058,1.04418,-0.10174,-0.77854,0.10857,0.38611,0.69191,0.03144,0.09120,0.78123,0.54063,0.68122,0.14084,1.28334,0.71498,-0.56712,-0.36547,0.52339,0.31406,-0.34788,0.23639,0.29425,-0.63541,1.47037,-1.51112,-0.09056,-0.63608,-1.72531,1.76320,1.28176,-0.12735,2.13807,-1.05942,-0.79325,0.53715,-0.37961,1.55094,1.68385
1.03516,0.06839,-0.90307,-0.78557,0.62166,0.32106,0.12677,-0.33375,-0.13698,-0.65430,0.42128,-0.00767,-0.27613,-0.85773,-0.02551,0.41012,-1.16717,0.14572,1.02435,-0.08463,-0.86124,1.29049,0.68677,-0.72191,0.88654,0.24757,0.46256,0.11711,-0.76850,0.73042,-0.18995,0.63424,-1.32163,0.20367,0.35700,0.53323,0.35637,0.43500,1.56092,0.01024,1.44117,0.49980,0.34205,-1.31383,0.83716,-1.23828,-0.15083,-0.43184,0.83397,-1.14697,0.83378,-0.35549,-1.22010,-1.46483,2.64470,1.01917,-1.38139,0.54376,0.72695,-1.27026,0.88211,-0.58140,-0.22054,-1.30269,-0.31708,-0.77269,-0.95352,-0.29326,0.30449,0.58498,0.02323,-0.53566,1.10410,2.37868,-1.71417,1.16842,1.31844,0.07705,0.21773,-0.27892,-1.00203,-0.37392,-0.32186,0.51488,2.01386,1.06873,-0.42841,-0.14401,0.17435,0.37477,-0.91274,1.97244,-1.11101,-0.24809,1.12989,1.08992,1.20000,0.34310,0.75988,2.10484
1.12485,0.01063,0.92223,0.34178,1.29135,-0.83439,1.29085,0.54057,1.68289,-0.71018,1.61370,0.42798,-0.01633,-0.68543,-0.27083,-3.03367,-0.76817,0.34769,1.33732,1.21835,0.77788,-0.67609,0.27426,-0.58043,1.73969,1.75895,1.14269,0.27522,1.67375,0.02684,-0.30440,-1.31084,0.90830,-0.61657,-0.33583,0.01015,1.52034,-0.57431,-0.12077,0.33619,-0.30366,-0.49910,-0.09406,0.44615,-0.09339,-1.07711,-1.25907,-0.35012,-1.41647,1.12757,0.64098,-0.84495,1.94771,0.42382,0.24517,-0.18923,1.24239,-0.83731,-0.71545,0.03230,-1.19147,-0.00749,0.68141,1.00759,0.61278,-1.22094,1.91549,-0.68208,0.21837,0.67679,-1.97217,0.42874,0.16799,-0.24943,1.54009,1.84206,-0.34429,-1.88006,-0.28506,0.66869,0.45995,0.90529,0.65815,-0.68294,-0.26333,0.69814,-0.58490,1.26680,1.61060,1.79892,0.02974,-0.38604,0.28800,-0.55621,-0.06910,-0.51234,-0.93682,-0.15251,0.39114,-0.35881
-1.00105,-1.23600,1.03140,0.96068,-0.56359,0.34385,3.15749,0.54587,-2.88512,-0.16460,1.07257,0.04988,-0.20539,1.75180,0.97383,-0.58865,1.43618,0.54057,-1.44734,-0.41295,-1.15695,-0.70572,0.55802,0.03079,-0.35065,0.78224,1.24710,-1.14581,-0.26147,0.43569,-0.81309,-1.91359,-1.50988,1.19690,-1.77895,-0.14354,0.69328,-0.81794,1.15429,0.60325,-0.06586,1.34904,0.20974,-0.47214,-0.12025,-0.50769,0.87036,0.77260,0.87271,0.50830,-1.24649,-0.43507,-1.15800,-0.25655,0.17650,-1.97331,0.81873,0.32229,0.86150,-0.53275,0.34219,1.90954,0.25764,-0.59281,1.07940,0.53639,1.30084,1.13747,-0.01728,0.13793,-0.10447,0.27803,-0.64631,-0.62500,-0.46266,1.90032,1.13628,-0.28898,1.31138,-0.68528,-0.80042,-0.45680,0.50696,-0.82273,0.16581,1.21068,1.28761,0.86084,-1.50882,-0.06403,1.76752,-0.40400,-0.47090,0.42644,-0.80672,-0.71569,-0.47607,0.02219,-0.01993,-0.48524
1.07782,-0.89370,1.55858,0.03090,-0.25490,0.24706,-0.37479,1.60998,-0.62847,0.16916,0.53232,-1.12925,-0.34199,-0.68401,0.54664,-0.32685,-0.40035,0.35809,1.25663,-1.53021,0.83055,0.02347,1.28069,1.05746,-1.04928,-2.45049,-0.69921,-0.73463,1.63330,0.98044,0.10681,-1.18664,0.76202,1.17558,-1.07199,-0.73686,0.12617,-0.11382,0.16696,0.25875,0.61615,0.46139,0.11273,-1.07345,-0.80066,-0.91276,0.36377,0.93176,-0.76711,1.50471,1.07901,0.61564,-0.52534,-1.27609,0.94503,-0.09874,-0.89122,-0.32979,-1.30288,1.46437,1.12428,-0.13527,-0.51073,1.10170,1.64003,-0.78837,0.71548,0.21704,0.59912,-0.18568,0.10705,-0.95748,-1.90431,-1.28317,0.42281,0.61054,-0.52902,-0.29951,0.37990,-0.20949,0.80313,0.27805,-0.93358,0.09876,0.72044,-0.41816,-0.24519,-0.05059,-0.28740,1.12568,1.44904,0.37182,0.63014,-0.92157,0.05048,-0.13566,-2.06777,-0.43249,-0.27662,0.74205
